behavioral,ensemble_mae,ensemble_r2,pi_coverage,pi_width,q_hat
WITHOUT,0.3786930843633059,0.9828850006698824,0.9752232785940651,4.790451609765295,0.7704947303050722
